Test107645@gmail.com ,dojiba
Test10536@gmail.com ,fomdih
Test109688@gmail.com ,jimfcd
Test102270@gmail.com ,dkaeog
Test109645@gmail.com ,eokcib
Test107412@gmail.com ,gjaejm
Test101722@gmail.com ,ofiocm
Test103357@gmail.com ,kahdak
Test106667@gmail.com ,bogmeo
Test102568@gmail.com ,ojmkkg
Test103660@gmail.com ,ofjagk
Test109003@gmail.com ,kmhmkc
Test107042@gmail.com ,ffahbh
Test108781@gmail.com ,gaddfj
Test102266@gmail.com ,dkghbd
Test102246@gmail.com ,ogfbhf
Test10844@gmail.com ,idmgac
Test105147@gmail.com ,dffmcf
Test101008@gmail.com ,choeee
Test103439@gmail.com ,abikcm
Test105278@gmail.com ,ifmejb
Test104070@gmail.com ,fioidh
Test103055@gmail.com ,bchgio
Test105745@gmail.com ,amjmch
Test103851@gmail.com ,kdcoha
Test108685@gmail.com ,ceabba
Test105750@gmail.com ,comkio
Test103370@gmail.com ,hbdgmm
Test10313@gmail.com ,ohjbje
Test101317@gmail.com ,cgdogk
Test102471@gmail.com ,dckhia
Test104612@gmail.com ,iaabfi
Test106214@gmail.com ,kmaajj
Test109136@gmail.com ,ohfahi
Test109113@gmail.com ,gdfbdi
Test101094@gmail.com ,kkhjch
Test108100@gmail.com ,icammk
Test101525@gmail.com ,mdcecg
Test105426@gmail.com ,kejoik
Test102825@gmail.com ,fgdgkh
Test103392@gmail.com ,ohcihd
Test105116@gmail.com ,ckodam
Test104498@gmail.com ,haaoic
Test107046@gmail.com ,bgeaac
Test106355@gmail.com ,jhgcej
Test106074@gmail.com ,edehei
Test102636@gmail.com ,cdgjob
Test10234@gmail.com ,occkak
Test105464@gmail.com ,icogij
Test106789@gmail.com ,kkdkom
Test107654@gmail.com ,ffgjmf
Test104419@gmail.com ,mmjigd
Test105767@gmail.com ,kbghek
Test103888@gmail.com ,bhmcdg
Test109672@gmail.com ,afdcoo
Test101271@gmail.com ,hihdbd
Test107425@gmail.com ,iiobje
Test109622@gmail.com ,bckbcj
Test10311@gmail.com ,ffabgb
Test103799@gmail.com ,mkjchg
Test109453@gmail.com ,ogmhhe
Test103097@gmail.com ,jfddeo
Test102261@gmail.com ,emfgig
Test109327@gmail.com ,jbfhmf
Test10519@gmail.com ,acdgbj
Test102309@gmail.com ,degccb
Test103102@gmail.com ,dmdmmj
Test108942@gmail.com ,gogafg
Test109520@gmail.com ,jcodof
Test106404@gmail.com ,dekgie
Test101940@gmail.com ,fiikgd
Test102306@gmail.com ,khdgaj
Test102306@gmail.com ,khdgaj
Test103145@gmail.com ,hedfjk
Test108927@gmail.com ,ojmedi
Test10156@gmail.com ,oahbfk
Test10940@gmail.com ,miehbi
Test103986@gmail.com ,jhhooc
Test10851@gmail.com ,ebdifh
Test104953@gmail.com ,ceieff
Test10510@gmail.com ,fmgkmo
Test10930@gmail.com ,edcffh
Test106018@gmail.com ,abkbki
Test105719@gmail.com ,haficd
Test108991@gmail.com ,dkdhkc
Test106823@gmail.com ,ejjhjo
Test101035@gmail.com ,gibkkm
Test102695@gmail.com ,fhhfge
Test108071@gmail.com ,hododk
Test108070@gmail.com ,bmahib
Test101958@gmail.com ,ifooki
Test10490@gmail.com ,ibkoci
Test108066@gmail.com ,hkcgfg
Test10204@gmail.com ,biekgj
Test105085@gmail.com ,bfbkid
Test105489@gmail.com ,aemimf
Test108910@gmail.com ,coaoio
Test107614@gmail.com ,obikmj
Test102378@gmail.com ,ccfeao
Test108851@gmail.com ,efkgie
Test106351@gmail.com ,keekia
