test1@gmail.com,test1,test1 task
test2@gmail.com,test2,test2 task
test3@gmail.com,test3,test3 task
test4@gmail.com,test4,test4 task
test5@gmail.com,test5,test5 task
test6@gmail.com,test6,test6 task
test7@gmail.com,test7,test7 task
test8@gmail.com,test8,test8 task
test9@gmail.com,test9,test9 task
test10@gmail.com,test10,test10 task
test11@gmail.com,test11,test11 task
test12@gmail.com,test12,test12 task
test13@gmail.com,test13,test13 task
test14@gmail.com,test14,test14 task
test15@gmail.com,test15,test15 task
test16@gmail.com,test16,test16 task
test17@gmail.com,test17,test17 task
test18@gmail.com,test18,test18 task
test19@gmail.com,test19,test19 task
test20@gmail.com,test20,test20 task
test21@gmail.com,test21,test21 task
test22@gmail.com,test22,test22 task
test23@gmail.com,test23,test23 task
test24@gmail.com,test24,test24 task
test25@gmail.com,test25,test25 task
test26@gmail.com,test26,test26 task
test27@gmail.com,test27,test27 task
test28@gmail.com,test28,test28 task
test29@gmail.com,test29,test29 task
test30@gmail.com,test30,test30 task
test31@gmail.com,test31,test31 task
test32@gmail.com,test32,test32 task
test33@gmail.com,test33,test33 task
test34@gmail.com,test34,test34 task
test35@gmail.com,test35,test35 task
test36@gmail.com,test36,test36 task
test37@gmail.com,test37,test37 task
test38@gmail.com,test38,test38 task
test39@gmail.com,test39,test39 task
test40@gmail.com,test40,test40 task
test41@gmail.com,test41,test41 task
test42@gmail.com,test42,test42 task
test43@gmail.com,test43,test43 task
test44@gmail.com,test44,test44 task
test45@gmail.com,test45,test45 task
test46@gmail.com,test46,test46 task
test47@gmail.com,test47,test47 task
test48@gmail.com,test48,test48 task
test49@gmail.com,test49,test49 task
test50@gmail.com,test50,test50 task
test51@gmail.com,test51,test51 task
test52@gmail.com,test52,test52 task
test53@gmail.com,test53,test53 task
test54@gmail.com,test54,test54 task
test55@gmail.com,test55,test55 task
test56@gmail.com,test56,test56 task
test57@gmail.com,test57,test57 task
test58@gmail.com,test58,test58 task
test59@gmail.com,test59,test59 task
test60@gmail.com,test60,test60 task
test61@gmail.com,test61,test61 task
test62@gmail.com,test62,test62 task
test63@gmail.com,test63,test63 task
test64@gmail.com,test64,test64 task
test65@gmail.com,test65,test65 task
test66@gmail.com,test66,test66 task
test67@gmail.com,test67,test67 task
test68@gmail.com,test68,test68 task
test69@gmail.com,test69,test69 task
test70@gmail.com,test70,test70 task
test71@gmail.com,test71,test71 task
test72@gmail.com,test72,test72 task
test73@gmail.com,test73,test73 task
test74@gmail.com,test74,test74 task
test75@gmail.com,test75,test75 task
test76@gmail.com,test76,test76 task
test77@gmail.com,test77,test77 task
test78@gmail.com,test78,test78 task
test79@gmail.com,test79,test79 task
test80@gmail.com,test80,test80 task
test81@gmail.com,test81,test81 task
test82@gmail.com,test82,test82 task
test83@gmail.com,test83,test83 task
test84@gmail.com,test84,test84 task
test85@gmail.com,test85,test85 task
test86@gmail.com,test86,test86 task
test87@gmail.com,test87,test87 task
test88@gmail.com,test88,test88 task
test89@gmail.com,test89,test89 task
test90@gmail.com,test90,test90 task
test91@gmail.com,test91,test91 task
test92@gmail.com,test92,test92 task
test93@gmail.com,test93,test93 task
test94@gmail.com,test94,test94 task
test95@gmail.com,test95,test95 task
test96@gmail.com,test96,test96 task
test97@gmail.com,test97,test97 task
test98@gmail.com,test98,test98 task
test99@gmail.com,test99,test99 task
test100@gmail.com,test100,test100 task
